{
  "model_version": "wave1-semlex-aslcitizen-v22-hand-landmarks",
  "accuracy": 0.7991543340380549,
  "thresholds": {
    "deaf": {
      "passThreshold": 0.93,
      "retryThreshold": 0.78,
      "f1": 0.6865671641791045,
      "support": 61
    },
    "eat": {
      "passThreshold": 0.86,
      "retryThreshold": 0.62,
      "f1": 0.8895434462444771,
      "support": 332
    },
    "five": {
      "passThreshold": 0.95,
      "retryThreshold": 0.82,
      "f1": 0.0,
      "support": 1
    },
    "four": {
      "passThreshold": 0.95,
      "retryThreshold": 0.82,
      "f1": 0.0,
      "support": 2
    },
    "friend": {
      "passThreshold": 0.86,
      "retryThreshold": 0.62,
      "f1": 0.8633093525179856,
      "support": 68
    },
    "goodbye": {
      "passThreshold": 0.95,
      "retryThreshold": 0.82,
      "f1": 0.47368421052631576,
      "support": 11
    },
    "hello": {
      "passThreshold": 0.9,
      "retryThreshold": 0.7,
      "f1": 0.7894736842105263,
      "support": 20
    },
    "help": {
      "passThreshold": 0.9,
      "retryThreshold": 0.7,
      "f1": 0.7333333333333333,
      "support": 88
    },
    "how": {
      "passThreshold": 0.95,
      "retryThreshold": 0.82,
      "f1": 0.35294117647058826,
      "support": 13
    },
    "meet": {
      "passThreshold": 0.9,
      "retryThreshold": 0.7,
      "f1": 0.7058823529411765,
      "support": 31
    },
    "name": {
      "passThreshold": 0.86,
      "retryThreshold": 0.62,
      "f1": 0.8505747126436781,
      "support": 48
    },
    "nice": {
      "passThreshold": 0.86,
      "retryThreshold": 0.62,
      "f1": 0.8527131782945736,
      "support": 60
    },
    "no": {
      "passThreshold": 0.9,
      "retryThreshold": 0.7,
      "f1": 0.7536231884057971,
      "support": 38
    },
    "one": {
      "passThreshold": 0.9,
      "retryThreshold": 0.7,
      "f1": 0.8,
      "support": 35
    },
    "please": {
      "passThreshold": 0.9,
      "retryThreshold": 0.7,
      "f1": 0.7142857142857143,
      "support": 13
    },
    "sleep": {
      "passThreshold": 0.9,
      "retryThreshold": 0.7,
      "f1": 0.7034482758620689,
      "support": 93
    },
    "sorry": {
      "passThreshold": 0.86,
      "retryThreshold": 0.62,
      "f1": 0.9538461538461539,
      "support": 32
    },
    "thank_you": {
      "passThreshold": 0.9,
      "retryThreshold": 0.7,
      "f1": 0.723404255319149,
      "support": 20
    },
    "three": {
      "passThreshold": 0.93,
      "retryThreshold": 0.78,
      "f1": 0.5625,
      "support": 10
    },
    "two": {
      "passThreshold": 0.95,
      "retryThreshold": 0.82,
      "f1": 0.4117647058823529,
      "support": 27
    },
    "water": {
      "passThreshold": 0.86,
      "retryThreshold": 0.62,
      "f1": 0.9754901960784313,
      "support": 204
    },
    "what": {
      "passThreshold": 0.9,
      "retryThreshold": 0.7,
      "f1": 0.7407407407407407,
      "support": 46
    },
    "where": {
      "passThreshold": 0.9,
      "retryThreshold": 0.7,
      "f1": 0.7975460122699386,
      "support": 81
    },
    "who": {
      "passThreshold": 0.93,
      "retryThreshold": 0.78,
      "f1": 0.5934065934065934,
      "support": 51
    },
    "yes": {
      "passThreshold": 0.93,
      "retryThreshold": 0.78,
      "f1": 0.6511627906976745,
      "support": 34
    }
  },
  "confusions": {
    "deaf->where": {
      "count": 6,
      "message": "DEAF needs two face touch points. WHERE is a small side-to-side index-finger shake away from the face."
    },
    "deaf->who": {
      "count": 3,
      "message": "DEAF should travel between ear and mouth. WHO stays close to the chin."
    },
    "deaf->yes": {
      "count": 1,
      "message": "The model confused this with yes. Emphasize the handshape, location, and movement difference before trying again."
    },
    "eat->four": {
      "count": 8,
      "message": "The model confused this with four. Emphasize the handshape, location, and movement difference before trying again."
    },
    "eat->thank_you": {
      "count": 6,
      "message": "The model confused this with thank_you. Emphasize the handshape, location, and movement difference before trying again."
    },
    "eat->how": {
      "count": 5,
      "message": "The model confused this with how. Emphasize the handshape, location, and movement difference before trying again."
    },
    "five->thank_you": {
      "count": 1,
      "message": "The model confused this with thank_you. Emphasize the handshape, location, and movement difference before trying again."
    },
    "four->nice": {
      "count": 1,
      "message": "The model confused this with nice. Emphasize the handshape, location, and movement difference before trying again."
    },
    "four->goodbye": {
      "count": 1,
      "message": "The model confused this with goodbye. Emphasize the handshape, location, and movement difference before trying again."
    },
    "friend->how": {
      "count": 5,
      "message": "The model confused this with how. Emphasize the handshape, location, and movement difference before trying again."
    },
    "friend->meet": {
      "count": 1,
      "message": "The model confused this with meet. Emphasize the handshape, location, and movement difference before trying again."
    },
    "friend->hello": {
      "count": 1,
      "message": "The model confused this with hello. Emphasize the handshape, location, and movement difference before trying again."
    },
    "goodbye->nice": {
      "count": 1,
      "message": "The model confused this with nice. Emphasize the handshape, location, and movement difference before trying again."
    },
    "goodbye->deaf": {
      "count": 1,
      "message": "The model confused this with deaf. Emphasize the handshape, location, and movement difference before trying again."
    },
    "hello->four": {
      "count": 2,
      "message": "The model confused this with four. Emphasize the handshape, location, and movement difference before trying again."
    },
    "hello->deaf": {
      "count": 2,
      "message": "The model confused this with deaf. Emphasize the handshape, location, and movement difference before trying again."
    },
    "hello->nice": {
      "count": 1,
      "message": "The model confused this with nice. Emphasize the handshape, location, and movement difference before trying again."
    },
    "help->how": {
      "count": 11,
      "message": "The model confused this with how. Emphasize the handshape, location, and movement difference before trying again."
    },
    "help->who": {
      "count": 8,
      "message": "The model confused this with who. Emphasize the handshape, location, and movement difference before trying again."
    },
    "help->nice": {
      "count": 7,
      "message": "The model confused this with nice. Emphasize the handshape, location, and movement difference before trying again."
    },
    "how->help": {
      "count": 2,
      "message": "HOW starts with curved hands together and rotates. HELP stacks an A-hand on a flat palm and lifts."
    },
    "how->what": {
      "count": 1,
      "message": "The model confused this with what. Emphasize the handshape, location, and movement difference before trying again."
    },
    "how->sorry": {
      "count": 1,
      "message": "The model confused this with sorry. Emphasize the handshape, location, and movement difference before trying again."
    },
    "meet->deaf": {
      "count": 3,
      "message": "The model confused this with deaf. Emphasize the handshape, location, and movement difference before trying again."
    },
    "meet->who": {
      "count": 2,
      "message": "The model confused this with who. Emphasize the handshape, location, and movement difference before trying again."
    },
    "meet->one": {
      "count": 2,
      "message": "The model confused this with one. Emphasize the handshape, location, and movement difference before trying again."
    },